{"score_cut": 2.191498279571533, "clusters": 2216.0, "training_loss": 0.12820035219192505, "embedding_loss": 0.12820035219192505, "assignment_loss": 1.1118278503417969, "epoch": 0, "trainer/global_step": 249, "_timestamp": 1667688874, "_runtime": 451, "_step": 4, "_wandb": {"runtime": 535}}